Date,Symbol,Open,High,Low,Close
10/12/2020,BTCUSD,11380.25,11416.75,11179.5,11262.25
10/11/2020,BTCUSD,11307,11446.5,11284.75,11380.25
10/10/2020,BTCUSD,11073.75,11489,11063,11307
10/9/2020,BTCUSD,10933,11104.75,10842.5,11073.75
10/8/2020,BTCUSD,10670.25,10958.25,10550,10933
10/7/2020,BTCUSD,10607,10687.25,10560.5,10670.25
10/6/2020,BTCUSD,10797,10800,10526.75,10607
10/5/2020,BTCUSD,10663,10797,10641.25,10797
10/4/2020,BTCUSD,10565.75,10699.5,10535.75,10663
10/3/2020,BTCUSD,10575.75,10600,10518,10565.75
10/2/2020,BTCUSD,10622,10658,10383,10575.75
10/1/2020,BTCUSD,10777,10924.5,10450,10622
9/30/2020,BTCUSD,10841.75,10849.75,10669.5,10777
9/29/2020,BTCUSD,10693.5,10867.25,10646.25,10841.75
9/28/2020,BTCUSD,10779.5,10948.25,10639.75,10693.5
9/27/2020,BTCUSD,10735,10803.25,10608,10779.5
9/26/2020,BTCUSD,10691.75,10820.75,10674.75,10735
9/25/2020,BTCUSD,10737.25,10761,10570.5,10691.75
9/24/2020,BTCUSD,10231.75,10794,10199.25,10737.25
9/23/2020,BTCUSD,10534.25,10537,10149,10231.75
9/22/2020,BTCUSD,10424,10576.75,10365,10534.25
9/21/2020,BTCUSD,10918,10985.75,10299.75,10424
9/20/2020,BTCUSD,11086.5,11086.5,10778.75,10918
9/19/2020,BTCUSD,10938.75,11164,10903.25,11086.5
9/18/2020,BTCUSD,10944.5,11026.75,10826.5,10938.75
9/17/2020,BTCUSD,10967.5,11040,10755.75,10944.5
9/16/2020,BTCUSD,10787.5,11161.5,10682,10967.5
9/15/2020,BTCUSD,10683.75,10935.25,10626.5,10787.5
9/14/2020,BTCUSD,10329,10754.75,10259.75,10683.75
9/13/2020,BTCUSD,10444.75,10571.25,10220.75,10329
9/12/2020,BTCUSD,10400,10479.75,10281.25,10444.75
9/11/2020,BTCUSD,10345,10407.5,10211.5,10400
9/10/2020,BTCUSD,10230,10481.25,10230,10345
9/9/2020,BTCUSD,10124.25,10349.25,9989.25,10230
9/8/2020,BTCUSD,10364,10442,9862.25,10124.25
9/7/2020,BTCUSD,10261.75,10404,9884.25,10364
9/6/2020,BTCUSD,10164.25,10352,10028.75,10261.75
9/5/2020,BTCUSD,10485.5,10566.5,9838.25,10164.25
9/4/2020,BTCUSD,10167.75,10630.5,9920,10485.5
9/3/2020,BTCUSD,11401.75,11475.25,10000,10167.75
9/2/2020,BTCUSD,11928.25,11950,11171.5,11401.75
9/1/2020,BTCUSD,11660.5,12054.25,11543,11928.25
8/31/2020,BTCUSD,11716.75,11774.5,11586,11660.5
8/30/2020,BTCUSD,11489.25,11716.75,11472.25,11716.75
8/29/2020,BTCUSD,11541,11580.5,11432,11489.25
8/28/2020,BTCUSD,11332.5,11548.25,11289.75,11541
8/27/2020,BTCUSD,11464,11590,11131,11332.5
8/26/2020,BTCUSD,11330.75,11543,11260.5,11464
8/25/2020,BTCUSD,11763,11767.25,11122,11330.75
8/24/2020,BTCUSD,11655,11823.75,11600.75,11763
8/23/2020,BTCUSD,11681.5,11709.5,11531.75,11655
8/22/2020,BTCUSD,11524.25,11683.25,11379.25,11681.5
8/21/2020,BTCUSD,11869,11884.5,11500.5,11524.25
8/20/2020,BTCUSD,11749,11889.5,11677,11869
8/19/2020,BTCUSD,11969,12011.75,11584,11749
8/18/2020,BTCUSD,12288,12390,11825.5,11969
8/17/2020,BTCUSD,11913.5,12471,11774.5,12288
8/16/2020,BTCUSD,11860.25,11937.25,11700,11913.5
8/15/2020,BTCUSD,11771.75,11984.75,11681.5,11860.25
8/14/2020,BTCUSD,11773.75,11856.75,11656,11771.75
8/13/2020,BTCUSD,11571.5,11797.25,11280.75,11773.75
8/12/2020,BTCUSD,11386,11620.75,11160.25,11571.5
8/11/2020,BTCUSD,11896.5,11937,11126.5,11386
8/10/2020,BTCUSD,11684,12080.75,11510.25,11896.5
8/9/2020,BTCUSD,11757.5,11807.75,11540,11684
8/8/2020,BTCUSD,11596,11808.75,11538,11757.5
8/7/2020,BTCUSD,11773.25,11914.5,11349.75,11596
8/6/2020,BTCUSD,11754.5,11911,11583.75,11773.25
8/5/2020,BTCUSD,11196.75,11792,11103.25,11754.5
8/4/2020,BTCUSD,11239.25,11418.75,11024.25,11196.75
8/3/2020,BTCUSD,11066.5,11474,10934,11239.25
8/2/2020,BTCUSD,11823.5,12108.5,10625,11066.5
8/1/2020,BTCUSD,11355.25,11885.25,11243,11823.5
7/31/2020,BTCUSD,11139.75,11454,10991,11355.25
7/30/2020,BTCUSD,11106.25,11285.25,10835,11139.75
7/29/2020,BTCUSD,10927.25,11350.75,10853,11106.25
7/28/2020,BTCUSD,11052.75,11261.25,10597,10927.25
7/27/2020,BTCUSD,9933,11400,9933,11052.75
7/26/2020,BTCUSD,9714.5,10192,9664.75,9933
7/25/2020,BTCUSD,9554.25,9742.75,9548.25,9714.5
7/24/2020,BTCUSD,9614.5,9650.75,9480.25,9554.25
7/23/2020,BTCUSD,9538,9672.25,9458,9614.5
7/22/2020,BTCUSD,9390,9562,9282.5,9538
7/21/2020,BTCUSD,9162,9434.75,9160,9390
7/20/2020,BTCUSD,9219.75,9219.75,9134.5,9162
7/19/2020,BTCUSD,9172.5,9240.5,9112.25,9219.75
7/18/2020,BTCUSD,9155,9218.25,9129.25,9172.5
7/17/2020,BTCUSD,9132,9179,9075.5,9155
7/16/2020,BTCUSD,9196,9215.75,9037,9132
7/15/2020,BTCUSD,9259.25,9274.5,9158.75,9196
7/14/2020,BTCUSD,9242.25,9279.25,9114.25,9259.25
7/13/2020,BTCUSD,9283.25,9341.5,9203,9242.25
7/12/2020,BTCUSD,9235.25,9342.5,9161.5,9283.25
7/11/2020,BTCUSD,9290.25,9299.25,9184.25,9235.25
7/10/2020,BTCUSD,9235.75,9314,9126,9290.25
7/9/2020,BTCUSD,9438,9448.75,9169.25,9235.75
7/8/2020,BTCUSD,9248.75,9474.5,9238.75,9438
7/7/2020,BTCUSD,9347.25,9379.75,9209,9248.75
7/6/2020,BTCUSD,9084,9373.5,9070.25,9347.25
7/5/2020,BTCUSD,9141,9141,8920,9084
7/4/2020,BTCUSD,9064.5,9189.75,9052.5,9141
7/3/2020,BTCUSD,9095,9120.25,9038.5,9064.5
7/2/2020,BTCUSD,9234,9261.75,8950,9095
7/1/2020,BTCUSD,9134.5,9297.75,9098,9234
6/30/2020,BTCUSD,9184.25,9199.75,9064.25,9134.5
6/29/2020,BTCUSD,9123.75,9300,9020.5,9184.25
6/28/2020,BTCUSD,9003,9185.25,8940,9123.75
6/27/2020,BTCUSD,9154.5,9186,8821.25,9003
6/26/2020,BTCUSD,9242,9288.5,9031.75,9154.5
6/25/2020,BTCUSD,9294.5,9311.75,9000,9242
6/24/2020,BTCUSD,9618.25,9662.75,9200,9294.5
6/23/2020,BTCUSD,9691,9721,9581,9618.25
6/22/2020,BTCUSD,9282.75,9788.75,9271,9691
6/21/2020,BTCUSD,9358,9420.5,9278.5,9282.75
6/20/2020,BTCUSD,9300,9389.75,9159.25,9358
6/19/2020,BTCUSD,9377.5,9420,9234.75,9300
6/18/2020,BTCUSD,9458.75,9470.25,9279.5,9377.5
6/17/2020,BTCUSD,9521,9561.25,9237.25,9458.75
6/16/2020,BTCUSD,9430.5,9588,9384.75,9521
6/15/2020,BTCUSD,9329.25,9500.75,8906,9430.5
6/14/2020,BTCUSD,9464,9480.75,9243,9329.25
6/13/2020,BTCUSD,9464.5,9490.75,9352,9464
6/12/2020,BTCUSD,9255.5,9551.5,9230,9464.5
6/11/2020,BTCUSD,9894.25,9977,9061.25,9255.5
6/10/2020,BTCUSD,9776.75,10006.25,9708.25,9894.25
6/9/2020,BTCUSD,9785,9884.5,9574.5,9776.75
6/8/2020,BTCUSD,9749,9810,9646.75,9785
6/7/2020,BTCUSD,9669.75,9814.25,9384,9749
6/6/2020,BTCUSD,9624.25,9736.25,9538,9669.75
6/5/2020,BTCUSD,9792.75,9849.75,9624.25,9624.25
6/4/2020,BTCUSD,9662,9884.5,9461.25,9792.75
6/3/2020,BTCUSD,9515.5,9690,9400,9662
6/2/2020,BTCUSD,10214.5,10223.5,9287,9515.5
6/1/2020,BTCUSD,9443,10377.75,9410,10214.5
5/31/2020,BTCUSD,9693,9701,9392.5,9443
5/30/2020,BTCUSD,9426.25,9740.25,9342.25,9693
5/29/2020,BTCUSD,9572.25,9606.5,9335,9426.25
5/28/2020,BTCUSD,9197.5,9618,9117,9572.25
5/27/2020,BTCUSD,8845,9223,8817.25,9197.5
5/26/2020,BTCUSD,8900.5,9008.25,8700,8845
5/25/2020,BTCUSD,8715.75,8974,1523.89,8900.5
5/24/2020,BTCUSD,9177.75,9296.5,8698,8715.75
5/23/2020,BTCUSD,9163,9304.75,9091,9177.75
5/22/2020,BTCUSD,9034.5,9262.25,8934.5,9163
5/21/2020,BTCUSD,9508.75,9568,8810,9034.5
5/20/2020,BTCUSD,9782.5,9829.25,9300,9508.75
5/19/2020,BTCUSD,9727,9891.75,9476,9782.5
5/18/2020,BTCUSD,9670.25,9947.25,9456.5,9727
5/17/2020,BTCUSD,9390,9878.5,9334,9670.25
5/16/2020,BTCUSD,9311.25,9583,9220,9390
5/15/2020,BTCUSD,9795.25,9838.25,9120,9311.25
5/14/2020,BTCUSD,9309.5,9947.5,9271.5,9795.25
5/13/2020,BTCUSD,8818.25,9417.75,8815.25,9309.5
5/12/2020,BTCUSD,8563.5,8975,8552.75,8818.25
5/11/2020,BTCUSD,8731.75,9159.5,8198.25,8563.5
5/10/2020,BTCUSD,9541.25,9563.25,8108.25,8731.75
5/9/2020,BTCUSD,9816.5,9916,9530,9541.25
5/8/2020,BTCUSD,9996.25,10048.5,9731.25,9816.5
5/7/2020,BTCUSD,9145.5,10076,9040.75,9996.25
5/6/2020,BTCUSD,9038,9409,8924,9145.5
5/5/2020,BTCUSD,8889.25,9113.75,8775,9038
5/4/2020,BTCUSD,8899.5,8958,8544.5,8889.25
5/3/2020,BTCUSD,8983.5,9198.75,8733.75,8899.5
5/2/2020,BTCUSD,8826.75,9013,8768.5,8983.5
5/1/2020,BTCUSD,8642,9064,8638.75,8826.75
4/30/2020,BTCUSD,8782.25,9459.25,8420,8642
4/29/2020,BTCUSD,7766.75,8950,7718.5,8782.25
4/28/2020,BTCUSD,7791,7792,7671,7766.75
4/27/2020,BTCUSD,7701.5,7799.5,7635.5,7791
4/26/2020,BTCUSD,7546.75,7708,7489,7701.5
4/25/2020,BTCUSD,7506.25,7713,7442,7546.75
4/24/2020,BTCUSD,7485.75,7607.25,7400,7506.25
4/23/2020,BTCUSD,7135,7768.5,7035.25,7485.75
4/22/2020,BTCUSD,6849.75,7166,6826.25,7135
4/21/2020,BTCUSD,6839,6949,6772.5,6849.75
4/20/2020,BTCUSD,7131.25,7222.25,6753,6839
4/19/2020,BTCUSD,7099.75,7248.25,6930,7131.25
4/18/2020,BTCUSD,7036.25,7123,7032.25,7099.75
4/17/2020,BTCUSD,7107.75,7155.75,7005.25,7036.25
4/16/2020,BTCUSD,6624.25,7216.25,6477.75,7107.75
4/15/2020,BTCUSD,6875.5,6939.75,6615.25,6624.25
4/14/2020,BTCUSD,6850.5,6986.25,6773.5,6875.5
4/13/2020,BTCUSD,6905.25,6905.25,6568.25,6850.5
4/12/2020,BTCUSD,6885,7199.5,6788.25,6905.25
4/11/2020,BTCUSD,6874.25,6948.25,6772.75,6885
4/10/2020,BTCUSD,7291.25,7303.25,6756.75,6874.25
4/9/2020,BTCUSD,7369.5,7375.75,7113.25,7291.25
4/8/2020,BTCUSD,7203,7405,7153.5,7369.5
4/7/2020,BTCUSD,7343.25,7468.75,7088.5,7203
4/6/2020,BTCUSD,6778.25,7365.75,6775,7343.25
4/5/2020,BTCUSD,6869.25,6906.75,6679.25,6778.25
4/4/2020,BTCUSD,6745,7013.5,6659.25,6869.25
4/3/2020,BTCUSD,6805.75,7046.25,6612.5,6745
4/2/2020,BTCUSD,6657.25,7249.5,6578.25,6805.75
4/1/2020,BTCUSD,6423.75,6700,6160,6657.25
3/31/2020,BTCUSD,6405.5,6528,6350,6423.75
3/30/2020,BTCUSD,5876.75,6620,5864.5,6405.5
3/29/2020,BTCUSD,6256,6267.5,5871.75,5876.75
3/28/2020,BTCUSD,6373.5,6373.5,6034.5,6256
3/27/2020,BTCUSD,6756.75,6865.75,6276.5,6373.5
3/26/2020,BTCUSD,6706,6790.5,6531.5,6756.75
3/25/2020,BTCUSD,6766.5,6988.75,6492.25,6706
3/24/2020,BTCUSD,6488.75,6850,6427,6766.5
3/23/2020,BTCUSD,5847.25,6671.5,5703.25,6488.75
3/22/2020,BTCUSD,6197.75,6416,5739,5847.25
3/21/2020,BTCUSD,6209.25,6457.25,5865,6197.75
3/20/2020,BTCUSD,6201.75,6889.5,5666,6209.25
3/19/2020,BTCUSD,5408.75,7000,5278.25,6201.75
3/18/2020,BTCUSD,5334.25,5452.75,5020.25,5408.75
3/17/2020,BTCUSD,5003.25,5479,4942,5334.25
3/16/2020,BTCUSD,5391.75,5391.75,4443.75,5003.25
3/15/2020,BTCUSD,5169.75,5975,5104.25,5391.75
3/14/2020,BTCUSD,5613.25,5641,5062.5,5169.75
3/13/2020,BTCUSD,5047.75,5982,3934,5613.25
3/12/2020,BTCUSD,7932.25,7963,4660.75,5047.75
3/11/2020,BTCUSD,7892.5,7983.5,7594.75,7932.25
3/10/2020,BTCUSD,7930.75,8152.25,7750,7892.5
3/9/2020,BTCUSD,8035,8150.25,7650,7930.75
3/8/2020,BTCUSD,8902,8902,8015,8035
3/7/2020,BTCUSD,9146.75,9210,8860.75,8902
3/6/2020,BTCUSD,9065.75,9200,9000.25,9146.75
3/5/2020,BTCUSD,8758.5,9165.75,8758.5,9065.75
3/4/2020,BTCUSD,8757.25,8842.5,8681.75,8758.5
3/3/2020,BTCUSD,8918.75,8918.75,8666.25,8757.25
3/2/2020,BTCUSD,8535,8967.75,8491.25,8918.75
3/1/2020,BTCUSD,8536.5,8752,8416,8535
2/29/2020,BTCUSD,8722.5,8802.75,8536.5,8536.5
2/28/2020,BTCUSD,8810,8894.25,8443.75,8722.5
2/27/2020,BTCUSD,8795,8976.25,8527,8810
2/26/2020,BTCUSD,9304,9364,8615.75,8795
2/25/2020,BTCUSD,9667.25,9675,9243.75,9304
2/24/2020,BTCUSD,9975.75,10017.75,9493,9667.25
2/23/2020,BTCUSD,9674,10000,9672.5,9975.75
2/22/2020,BTCUSD,9693,9720,9575.75,9674
2/21/2020,BTCUSD,9604.5,9770.5,9580,9693
2/20/2020,BTCUSD,9603.25,9686.75,9412.5,9604.5
2/19/2020,BTCUSD,10182.25,10290,9315,9603.25
2/18/2020,BTCUSD,9700.25,10266,9619,10182.25
2/17/2020,BTCUSD,9941,9968.25,9474.25,9700.25
2/16/2020,BTCUSD,9903.5,10045,9640.25,9941
2/15/2020,BTCUSD,10368.75,10397,9791,9903.5
2/14/2020,BTCUSD,10234.25,10392,10104.25,10368.75
2/13/2020,BTCUSD,10355,10510,10088,10234.25
2/12/2020,BTCUSD,10279.5,10480,10257,10355
2/11/2020,BTCUSD,9854.75,10388.25,9715,10279.5
2/10/2020,BTCUSD,10166,10199,9705,9854.75
2/9/2020,BTCUSD,9911.5,10174.25,9895.75,10166
2/8/2020,BTCUSD,9815,9936.5,9666.75,9911.5
2/7/2020,BTCUSD,9750,9866,9717.5,9815
2/6/2020,BTCUSD,9621.25,9854.25,9534,9750
2/5/2020,BTCUSD,9164.75,9763,9156.75,9621.25
2/4/2020,BTCUSD,9286.75,9344.25,9082.5,9164.75
2/3/2020,BTCUSD,9323,9610.5,9225.25,9286.75
2/2/2020,BTCUSD,9378,9470.75,9147.75,9323
2/1/2020,BTCUSD,9330.25,9451.25,9293.75,9378
1/31/2020,BTCUSD,9506.5,9514.5,9214.75,9330.25
1/30/2020,BTCUSD,9280.5,9568,9186.5,9506.5
1/29/2020,BTCUSD,9387,9427,9241.25,9280.5
1/28/2020,BTCUSD,8894.5,9409.75,8894.5,9387
1/27/2020,BTCUSD,8590,8985,8561.25,8894.5
1/26/2020,BTCUSD,8337.5,8590,8288.5,8590
1/25/2020,BTCUSD,8433.5,8433.5,8264.25,8337.5
1/24/2020,BTCUSD,8392.75,8504.75,8222,8433.5
1/23/2020,BTCUSD,8658.75,8663.5,8286.25,8392.75
1/22/2020,BTCUSD,8724.5,8792.75,8577.5,8658.75
1/21/2020,BTCUSD,8628,8763.75,8482.5,8724.5
1/20/2020,BTCUSD,8704,8730.25,8520.25,8628
1/19/2020,BTCUSD,8910.25,9179.75,8482.5,8704
1/18/2020,BTCUSD,8897.25,8974.75,8805,8910.25
1/17/2020,BTCUSD,8718.5,9000,8674.25,8897.25
1/16/2020,BTCUSD,8816.25,8845.75,8583.75,8718.5
1/15/2020,BTCUSD,8835.75,8900,8579.75,8816.25
1/14/2020,BTCUSD,8117.25,8887,8117.25,8835.75
1/13/2020,BTCUSD,8178,8196.75,8059,8117.25
1/12/2020,BTCUSD,8019.75,8184.5,7957.5,8178
1/11/2020,BTCUSD,8190,8291.75,8013.5,8019.75
1/10/2020,BTCUSD,7822,8190,7678.25,8190
1/9/2020,BTCUSD,8048.5,8048.5,7749.5,7822
1/8/2020,BTCUSD,8169.5,8465.75,7868.25,8048.5
1/7/2020,BTCUSD,7760,8203,7730.75,8169.5
1/6/2020,BTCUSD,7352.5,7801.75,7344.25,7760
1/5/2020,BTCUSD,7353,7490,7318,7352.5
1/4/2020,BTCUSD,7332.5,7391.25,7261.5,7353
1/3/2020,BTCUSD,6945.25,7400.5,6859.5,7332.5
1/2/2020,BTCUSD,7177,7185,6906.5,6945.25
1/1/2020,BTCUSD,7172.75,7233.25,7158.25,7177
12/31/2019,BTCUSD,7222.25,7303.5,7119,7172.75
12/30/2019,BTCUSD,7395,7395,7206.5,7222.25
12/29/2019,BTCUSD,7307.5,7519,7285,7395
12/28/2019,BTCUSD,7243.25,7349,7239.25,7307.5
12/27/2019,BTCUSD,7193.5,7251.75,7067.75,7243.25
12/26/2019,BTCUSD,7198.25,7427.25,7150.5,7193.5
12/25/2019,BTCUSD,7255.75,7267,7120.25,7198.25
12/24/2019,BTCUSD,7323.75,7423.25,7162.5,7255.75
12/23/2019,BTCUSD,7510.75,7689.5,7268,7323.75
12/22/2019,BTCUSD,7143.5,7520.25,7127.5,7510.75
12/21/2019,BTCUSD,7189.75,7195,7119.25,7143.5
12/20/2019,BTCUSD,7151.75,7218.25,7087.25,7189.75
12/19/2019,BTCUSD,7281.75,7365.75,7057,7151.75
12/18/2019,BTCUSD,6616.25,7423.5,6439,7281.75
12/17/2019,BTCUSD,6880.25,6934,6558.25,6616.25
12/16/2019,BTCUSD,7113.75,7139.25,6825,6880.25
12/15/2019,BTCUSD,7067.75,7205.5,7009.75,7113.75
12/14/2019,BTCUSD,7250.75,7263.5,7013.25,7067.75
12/13/2019,BTCUSD,7189.75,7296.25,7185.25,7250.75
12/12/2019,BTCUSD,7200.5,7302.5,7082,7189.75
12/11/2019,BTCUSD,7230.75,7265.25,7129.75,7200.5
12/10/2019,BTCUSD,7337.5,7399.25,7160.25,7230.75
12/9/2019,BTCUSD,7533.5,7655.5,7294.5,7337.5
12/8/2019,BTCUSD,7507.25,7579.25,7400.25,7533.5
12/7/2019,BTCUSD,7549.5,7630.75,7499,7507.25
12/6/2019,BTCUSD,7385.5,7607.75,7314.5,7549.5
12/5/2019,BTCUSD,7197.25,7488,7158.5,7385.5
12/4/2019,BTCUSD,7296.75,7812.25,7099.25,7197.25
12/3/2019,BTCUSD,7314.5,7413.75,7243,7296.75
12/2/2019,BTCUSD,7415.25,7424.25,7164.75,7314.5
12/1/2019,BTCUSD,7559.25,7559.25,7240.75,7415.25
11/30/2019,BTCUSD,7756,7812.75,7457.5,7559.25
11/29/2019,BTCUSD,7434.25,7866.25,7420.75,7756
11/28/2019,BTCUSD,7526.75,7656.75,7376.25,7434.25
11/27/2019,BTCUSD,7159.25,7670.5,6855,7526.75
11/26/2019,BTCUSD,7131.25,7338.25,7026,7159.25
11/25/2019,BTCUSD,6908.25,7370.5,6526.5,7131.25
11/24/2019,BTCUSD,7327.75,7343.5,6869.5,6908.25
11/23/2019,BTCUSD,7286,7349.25,7103.75,7327.75
11/22/2019,BTCUSD,7616,7730.75,6774.75,7286
11/21/2019,BTCUSD,8084.5,8118.5,7386.25,7616
11/20/2019,BTCUSD,8117.75,8219.5,8025.25,8084.5
11/19/2019,BTCUSD,8179.75,8193.75,8002.5,8117.75
11/18/2019,BTCUSD,8509,8509,8018.75,8179.75
11/17/2019,BTCUSD,8475.5,8625.75,8379,8509
11/16/2019,BTCUSD,8458,8530,8430.5,8475.5
11/15/2019,BTCUSD,8632.75,8776.5,8362.75,8458
11/14/2019,BTCUSD,8764.5,8783,8552.75,8632.75
11/13/2019,BTCUSD,8811.25,8834,8710,8764.5
11/12/2019,BTCUSD,8719.75,8866,8563.5,8811.25
11/11/2019,BTCUSD,9039.75,9066.5,8600,8719.75
11/10/2019,BTCUSD,8808.25,9136.5,8753.25,9039.75
11/9/2019,BTCUSD,8768,8868,8722.25,8808.25
11/8/2019,BTCUSD,9200.75,9243.5,8671.5,8768
11/7/2019,BTCUSD,9343.75,9364.75,9090,9200.75
11/6/2019,BTCUSD,9317.75,9448,9254.75,9343.75
11/5/2019,BTCUSD,9416.25,9482,9185.25,9317.75
11/4/2019,BTCUSD,9210,9592.75,9126.25,9416.25
11/3/2019,BTCUSD,9307.25,9376.75,9083,9210
11/2/2019,BTCUSD,9254.75,9391.75,9208.75,9307.25
11/1/2019,BTCUSD,9157.75,9295.75,9062,9254.75
10/31/2019,BTCUSD,9166.25,9425.25,8866.25,9157.75
10/30/2019,BTCUSD,9431,9436.25,8997.5,9166.25
10/29/2019,BTCUSD,9208.5,9556.75,9080,9431
10/28/2019,BTCUSD,9552.25,9935.75,9186.25,9208.5
10/27/2019,BTCUSD,9259,9803.25,9109,9552.25
10/26/2019,BTCUSD,8667.25,10545.25,8649.75,9259
10/25/2019,BTCUSD,7426.75,8785.75,7390,8667.25
10/24/2019,BTCUSD,7478.75,7513.75,7361.25,7426.75
10/23/2019,BTCUSD,8029.5,8047,7295,7478.75
10/22/2019,BTCUSD,8220,8316.5,8000.25,8029.5
10/21/2019,BTCUSD,8230,8346,8161,8220
10/20/2019,BTCUSD,7954,8306.5,7900,8230
10/19/2019,BTCUSD,7959.5,8096.25,7888,7954
10/18/2019,BTCUSD,8077,8117.5,7825.25,7959.5
10/17/2019,BTCUSD,7999,8124.75,7940.5,8077
10/16/2019,BTCUSD,8163.5,8174,7919,7999
10/15/2019,BTCUSD,8361,8415,8094.25,8163.5
10/14/2019,BTCUSD,8287,8401.25,8224.25,8361
10/13/2019,BTCUSD,8304.5,8468.75,8164.75,8287
10/12/2019,BTCUSD,8276.75,8417.75,8271.5,8304.5
10/11/2019,BTCUSD,8589.5,8813.75,8239.5,8276.75
10/10/2019,BTCUSD,8602.25,8656.25,8461.25,8589.5
10/9/2019,BTCUSD,8188.5,8698.25,8125,8602.25
10/8/2019,BTCUSD,8215,8345.75,8113.5,8188.5
10/7/2019,BTCUSD,7858.25,8307.75,7772,8215
10/6/2019,BTCUSD,8150.75,8179.5,7795,7858.25
10/5/2019,BTCUSD,8165.25,8198.75,8037,8150.75
10/4/2019,BTCUSD,8240.75,8250.75,8016.25,8165.25
10/3/2019,BTCUSD,8384.25,8414.5,8084,8240.75
10/2/2019,BTCUSD,8326.5,8392.25,8184,8384.25
10/1/2019,BTCUSD,8322.5,8529.5,8200.25,8326.5
9/30/2019,BTCUSD,8057.5,8361.75,7714,8322.5
9/29/2019,BTCUSD,8228.25,8238.25,7908.25,8057.5
9/28/2019,BTCUSD,8192.75,8338.25,8018.25,8228.25
9/27/2019,BTCUSD,8060.5,8274,7865.25,8192.75
9/26/2019,BTCUSD,8440.5,8462.75,7739.25,8060.5
9/25/2019,BTCUSD,8529.5,8744.25,8224,8440.5
9/24/2019,BTCUSD,9683.5,9776.75,8047,8529.5
9/23/2019,BTCUSD,10032,10048,9616.5,9683.5
9/22/2019,BTCUSD,9990,10095,9851.25,10032
9/21/2019,BTCUSD,10171,10172.5,9926.25,9990
9/20/2019,BTCUSD,10275.5,10306.75,10063.75,10171
9/19/2019,BTCUSD,10157.75,10376,9721.5,10275.5
9/18/2019,BTCUSD,10200,10257.5,10086,10157.75
9/17/2019,BTCUSD,10264.5,10275,10136.5,10200
9/16/2019,BTCUSD,10307.25,10374,10073.75,10264.5
9/15/2019,BTCUSD,10365,10384.75,10266,10307.25
9/14/2019,BTCUSD,10367.5,10440,10227.5,10365
9/13/2019,BTCUSD,10430.25,10449.75,10162,10367.5
9/12/2019,BTCUSD,10162,10464.5,10037.75,10430.25
9/11/2019,BTCUSD,10103.25,10274.25,9857.25,10162
9/10/2019,BTCUSD,10313.5,10388.5,9915.25,10103.25
9/9/2019,BTCUSD,10410.75,10539.25,10067,10313.5
9/8/2019,BTCUSD,10485.5,10586.75,10218.75,10410.75
9/7/2019,BTCUSD,10325.75,10571.25,10317.5,10485.5
9/6/2019,BTCUSD,10580.75,10940,10190,10325.75
9/5/2019,BTCUSD,10587,10658,10464.25,10580.75
9/4/2019,BTCUSD,10632,10839,10379.75,10587
9/3/2019,BTCUSD,10388.75,10779,10299.25,10632
9/2/2019,BTCUSD,9767,10480.5,9759,10388.75
9/1/2019,BTCUSD,9603.75,9836,9545.25,9767
8/31/2019,BTCUSD,9574.75,9691,9450,9603.75
8/30/2019,BTCUSD,9498.25,9704.25,9349,9574.75
8/29/2019,BTCUSD,9725.5,9725.5,9325,9498.25
8/28/2019,BTCUSD,10178.5,10295.25,9505.75,9725.5
8/27/2019,BTCUSD,10362.5,10381.5,10025,10178.5
8/26/2019,BTCUSD,10142.5,10664.25,10142.5,10362.5
8/25/2019,BTCUSD,10134.25,10363.5,9892.75,10142.5
8/24/2019,BTCUSD,10407,10433.5,9883.75,10134.25
8/23/2019,BTCUSD,10105,10470.25,10043,10407
8/22/2019,BTCUSD,10125,10238,9743.25,10105
8/21/2019,BTCUSD,10762.75,10803.75,9855.75,10125
8/20/2019,BTCUSD,10922.5,10950.25,10571.25,10762.75
8/19/2019,BTCUSD,10321.75,10930,10277.5,10922.5
8/18/2019,BTCUSD,10214.25,10511.5,10070,10321.75
8/17/2019,BTCUSD,10361,10469.5,9979,10214.25
8/16/2019,BTCUSD,10305,10542.75,9747.25,10361
8/15/2019,BTCUSD,10020,10433,9480.5,10305
8/14/2019,BTCUSD,10868,10868,9894.25,10020
8/13/2019,BTCUSD,11387,11442.25,10744.5,10868
8/12/2019,BTCUSD,11538.25,11546.75,11228.75,11387
8/11/2019,BTCUSD,11283,11576.25,11093,11538.25
8/10/2019,BTCUSD,11853.25,11964.75,11182,11283
8/9/2019,BTCUSD,12006.75,12028.25,11659.75,11853.25
8/8/2019,BTCUSD,11959.25,12060.5,11463.5,12006.75
8/7/2019,BTCUSD,11465.5,12135.25,11333.25,11959.25
8/6/2019,BTCUSD,11796.75,12311.5,11207.75,11465.5
8/5/2019,BTCUSD,10983.25,11949.25,10983.25,11796.75
8/4/2019,BTCUSD,10822,11088.25,10575,10983.25
8/3/2019,BTCUSD,10534.25,10922.5,10516,10822
8/2/2019,BTCUSD,10404,10671,10347,10534.25
8/1/2019,BTCUSD,10091,10495.75,9898.5,10404
7/31/2019,BTCUSD,9590,10129.5,9577.75,10091
7/30/2019,BTCUSD,9502,9782,9384,9590
7/29/2019,BTCUSD,9537.5,9717.25,9370.25,9502
7/28/2019,BTCUSD,9474,9651,9120.5,9537.5
7/27/2019,BTCUSD,9851.25,10230.5,9300.5,9474
7/26/2019,BTCUSD,9878.25,9890,9659.75,9851.25
7/25/2019,BTCUSD,9771.5,10185.25,9741.25,9878.25
7/24/2019,BTCUSD,9858.25,10518,9510.25,9771.5
7/23/2019,BTCUSD,10318.25,10324,9804.75,9858.25
7/22/2019,BTCUSD,10587.75,10690.75,10062,10318.25
7/21/2019,BTCUSD,10756,10830,10328.25,10587.75
7/20/2019,BTCUSD,10537.75,11111,10371.75,10756
7/19/2019,BTCUSD,10648.75,10766.25,10114.75,10537.75
7/18/2019,BTCUSD,9710.25,10798.75,9295,10648.75
7/17/2019,BTCUSD,9417.5,9980.25,9083,9710.25
7/16/2019,BTCUSD,10848.5,11027.5,9366,9417.5
7/15/2019,BTCUSD,10199,11081.25,9862.25,10848.5
7/14/2019,BTCUSD,11388.75,11458.75,10096.5,10199
7/13/2019,BTCUSD,11800.5,11840.25,10817,11388.75
7/12/2019,BTCUSD,11358,11938,11095.25,11800.5
7/11/2019,BTCUSD,12116.75,12116.75,10986.25,11358
7/10/2019,BTCUSD,12558.75,13194.5,11520,12116.75
7/9/2019,BTCUSD,12305.5,12823,12125,12558.75
7/8/2019,BTCUSD,11474.25,12393,11345.25,12305.5
7/7/2019,BTCUSD,11208.25,11614,11093.75,11474.25
7/6/2019,BTCUSD,10987.75,11715.25,10987.75,11208.25
7/5/2019,BTCUSD,11150,11448,10768.25,10987.75
7/4/2019,BTCUSD,11980.5,12056.5,11060,11150
7/3/2019,BTCUSD,10824,12020.25,10824,11980.5
7/2/2019,BTCUSD,10554.75,10915,9599.75,10824
7/1/2019,BTCUSD,10739,11204,9957.5,10554.75
6/30/2019,BTCUSD,11861.25,12198,10661.25,10739
6/29/2019,BTCUSD,12361,12368.25,11342.75,11861.25
6/28/2019,BTCUSD,11138.75,12440.25,10740.25,12361
6/27/2019,BTCUSD,12908.25,13345.25,10271,11138.75
6/26/2019,BTCUSD,11762.75,13860.5,11680.5,12908.25
6/25/2019,BTCUSD,11024.5,11782.5,10999.5,11762.75
6/24/2019,BTCUSD,10837.25,11094,10543.25,11024.5
6/23/2019,BTCUSD,10689.25,11245,10500,10837.25
6/22/2019,BTCUSD,10240,11188,10102,10689.25
6/21/2019,BTCUSD,9531.75,10248.75,9531.75,10240
6/20/2019,BTCUSD,9289.25,9599.75,9218.5,9531.75
6/19/2019,BTCUSD,9079.5,9324,9045,9289.25
6/18/2019,BTCUSD,9331.5,9355,8931.5,9079.5
6/17/2019,BTCUSD,8976,9475.5,8976,9331.5
6/16/2019,BTCUSD,8851,9388.75,8801.25,8976
6/15/2019,BTCUSD,8698.75,8904.75,8623.25,8851
6/14/2019,BTCUSD,8233.75,8734.5,8181,8698.75
6/13/2019,BTCUSD,8176.75,8332.75,8047.5,8233.75
6/12/2019,BTCUSD,7919.5,8290,7827,8176.75
6/11/2019,BTCUSD,8017,8062.75,7713.75,7919.5
6/10/2019,BTCUSD,7644.25,8096.25,7526.25,8017
6/9/2019,BTCUSD,7937.25,7963.75,7512,7644.25
6/8/2019,BTCUSD,7995.25,8055,7787,7937.25
6/7/2019,BTCUSD,7801.75,8132.5,7774,7995.25
6/6/2019,BTCUSD,7794.75,7873,7452,7801.75
6/5/2019,BTCUSD,7672.75,7927.75,7579.25,7794.75
6/4/2019,BTCUSD,8113.5,8113.5,7443.75,7672.75
6/3/2019,BTCUSD,8739.5,8739.5,8006.25,8113.5
6/2/2019,BTCUSD,8556,8833.75,8548.75,8739.5
6/1/2019,BTCUSD,8554.5,8619,8455.75,8556
5/31/2019,BTCUSD,8270.25,8579,8113.25,8554.5
5/30/2019,BTCUSD,8658.5,9088,8001,8270.25
5/29/2019,BTCUSD,8721,8758.5,8446,8658.5
5/28/2019,BTCUSD,8776.25,8817,8540.25,8721
5/27/2019,BTCUSD,8741,8931.75,8645.5,8776.25
5/26/2019,BTCUSD,8075.25,8780.25,7894.25,8741
5/25/2019,BTCUSD,7999.25,8149,7942.75,8075.25
5/24/2019,BTCUSD,7880.75,8178,7807.5,7999.25
5/23/2019,BTCUSD,7634.5,7980,7475.5,7880.75
5/22/2019,BTCUSD,7950.5,8045.25,7513.75,7634.5
5/21/2019,BTCUSD,8020.25,8113.25,7806.25,7950.5
5/20/2019,BTCUSD,8191,8191,7587,8020.25
5/19/2019,BTCUSD,7268.25,8300.25,7255,8191
5/18/2019,BTCUSD,7374.75,7491.25,7209.5,7268.25
5/17/2019,BTCUSD,7883.25,7952.25,6616,7374.75
5/16/2019,BTCUSD,8199.75,8398.5,7664.5,7883.25
5/15/2019,BTCUSD,7995.25,8305,7842,8199.75
5/14/2019,BTCUSD,7822,8340.5,7627.75,7995.25
5/13/2019,BTCUSD,6981.25,8155,6864.25,7822
5/12/2019,BTCUSD,7221,7582.5,6772,6981.25
5/11/2019,BTCUSD,6348,7472,6348,7221
5/10/2019,BTCUSD,6145,6431.5,6107,6348
5/9/2019,BTCUSD,5942.5,6169.5,5932.5,6145
5/8/2019,BTCUSD,5746,5986.75,5654.5,5942.5
5/7/2019,BTCUSD,5684.25,5967,5684.25,5746
5/6/2019,BTCUSD,5716.5,5752.25,5566.5,5684.25
5/5/2019,BTCUSD,5771.25,5781.25,5635.25,5716.5
5/4/2019,BTCUSD,5657.25,5833.25,5516.5,5771.25
5/3/2019,BTCUSD,5387.75,5796.25,5367,5657.25
5/2/2019,BTCUSD,5323,5421.25,5308,5387.75
5/1/2019,BTCUSD,5266,5360,5266,5323
4/30/2019,BTCUSD,5147.75,5287.25,5129.25,5266
4/29/2019,BTCUSD,5155.75,5188.5,5073.5,5147.75
4/28/2019,BTCUSD,5168,5208.75,5103.75,5155.75
4/27/2019,BTCUSD,5156.75,5213,5116.75,5166
4/26/2019,BTCUSD,5129,5283.25,5049,5156.75
4/25/2019,BTCUSD,5444.75,5511.25,4982.75,5129
4/24/2019,BTCUSD,5540.25,5620.25,5376.25,5444.75
4/23/2019,BTCUSD,5384.25,5642,5359.5,5540.25
4/22/2019,BTCUSD,5298,5439.75,5254,5384.25
4/21/2019,BTCUSD,5322,5346.75,5215.25,5298
4/20/2019,BTCUSD,5290,5359.75,5262.75,5322
4/19/2019,BTCUSD,5282.75,5358.75,5199.25,5290
4/18/2019,BTCUSD,5229.25,5314.75,5225.25,5282.75
4/17/2019,BTCUSD,5205.5,5274.25,5176,5229.25
4/16/2019,BTCUSD,5034.75,5230,5018,5205.5
4/15/2019,BTCUSD,5159,5192.25,4949.25,5034.75
4/14/2019,BTCUSD,5070.25,5188.5,5016,5159
4/13/2019,BTCUSD,5078.25,5119.75,5042,5070.25
4/12/2019,BTCUSD,5049,5118.5,4909.75,5078.25
4/11/2019,BTCUSD,5319.28,5344.82,4970.27,5049
4/10/2019,BTCUSD,5192.8,5464.87,5165.16,5319.28
4/9/2019,BTCUSD,5294.67,5294.67,5147.56,5192.8
4/8/2019,BTCUSD,5191.51,5350.35,5131.92,5294.67
4/7/2019,BTCUSD,5036.84,5268.62,5031.88,5191.51
4/6/2019,BTCUSD,5039.98,5232.28,4900.34,5036.84
4/5/2019,BTCUSD,4901.03,5067.2,4884.96,5039.98
4/4/2019,BTCUSD,4973.92,5070.5,4783.44,4901.03
4/3/2019,BTCUSD,4900.76,5345.67,4801.79,4973.92
4/2/2019,BTCUSD,4139.27,5100,4132.98,4900.76
4/1/2019,BTCUSD,4092.97,4146.17,4055.5,4139.27
3/31/2019,BTCUSD,4093.24,4101.77,4077.17,4092.97
3/30/2019,BTCUSD,4091.58,4130.74,4041.93,4093.24
3/29/2019,BTCUSD,4012.42,4100.76,4007.98,4091.58
3/28/2019,BTCUSD,4028.85,4028.85,3994.27,4012.42
3/27/2019,BTCUSD,3920.75,4036.91,3914.43,4028.85
3/26/2019,BTCUSD,3907.98,3921.48,3883.08,3920.75
3/25/2019,BTCUSD,3971.02,3976.8,3859.68,3907.98
3/24/2019,BTCUSD,3983.44,3983.44,3945.23,3971.02
3/23/2019,BTCUSD,3984.94,4000.74,3958.13,3983.44
3/22/2019,BTCUSD,3977.58,4000.67,3963.98,3984.94
3/21/2019,BTCUSD,4032.79,4057.34,3920,3977.58
3/20/2019,BTCUSD,4000.66,4047.6,3962.68,4032.79
3/19/2019,BTCUSD,3971.08,4009.86,3949.84,4000.66
3/18/2019,BTCUSD,3965.4,4014.53,3934.65,3971.08
3/17/2019,BTCUSD,3990.03,3991.61,3934.08,3965.4
3/16/2019,BTCUSD,3901.35,4036.97,3899,3990.03
3/15/2019,BTCUSD,3852.63,3908.66,3846.45,3901.35
3/14/2019,BTCUSD,3852.16,3904.57,3782.69,3852.63
3/13/2019,BTCUSD,3860.88,3874,3823,3852.16
3/12/2019,BTCUSD,3848.86,3876.57,3799.08,3860.88
3/11/2019,BTCUSD,3899.63,3913.36,3815.62,3848.86
3/10/2019,BTCUSD,3917.54,3917.54,3867.46,3899.63
3/9/2019,BTCUSD,3842.83,3946.6,3835.87,3917.54
3/8/2019,BTCUSD,3855.39,3911.65,3772.32,3842.83
3/7/2019,BTCUSD,3851.53,3889.96,3829.09,3855.39
3/6/2019,BTCUSD,3845.36,3896.26,3808.94,3851.53
3/5/2019,BTCUSD,3702,3890.88,3693,3845.36
3/4/2019,BTCUSD,3787.65,3807.21,3672.08,3702
3/3/2019,BTCUSD,3813.06,3820.36,3761.89,3787.65
3/2/2019,BTCUSD,3830.09,3830.09,3760.23,3813.06
3/1/2019,BTCUSD,3793.23,3843,3792.33,3830.09
2/28/2019,BTCUSD,3799.25,3888.37,3755.88,3793.23
2/27/2019,BTCUSD,3799.4,3823.44,3651.17,3799.25
2/26/2019,BTCUSD,3818.75,3828.31,3761.23,3799.4
2/25/2019,BTCUSD,3732.54,3866.76,3730,3818.75
2/24/2019,BTCUSD,4110.16,4190,3712.01,3732.54
2/23/2019,BTCUSD,3943.08,4156.29,3911.16,4110.16
2/22/2019,BTCUSD,3900,3955.32,3888.27,3943.08
2/21/2019,BTCUSD,3939.88,3990.35,3870.15,3900
2/20/2019,BTCUSD,3894.05,3964.08,3866.77,3939.88
2/19/2019,BTCUSD,3868.62,3972.61,3841.34,3894.05
2/18/2019,BTCUSD,3623.69,3915.99,3617.78,3868.62
2/17/2019,BTCUSD,3577.98,3669.57,3554.79,3623.69
2/16/2019,BTCUSD,3564.31,3609.76,3563.95,3577.98
2/15/2019,BTCUSD,3562.43,3615.98,3545.4,3564.31
2/14/2019,BTCUSD,3580.64,3590.21,3537.22,3562.43
2/13/2019,BTCUSD,3587.87,3629.73,3562.38,3580.64
2/12/2019,BTCUSD,3591.05,3617.54,3546.99,3587.87
2/11/2019,BTCUSD,3647.8,3651.41,3577.61,3591.05
2/10/2019,BTCUSD,3622.58,3658.06,3577.25,3647.8
2/9/2019,BTCUSD,3620.7,3639.09,3592.52,3622.58
2/8/2019,BTCUSD,3360.01,3715.2,3343.41,3620.7
2/7/2019,BTCUSD,3365.97,3379.9,3351.83,3360.01
2/6/2019,BTCUSD,3430.97,3445.04,3335.54,3365.97
2/5/2019,BTCUSD,3412.87,3435.1,3397.92,3430.97
2/4/2019,BTCUSD,3415.41,3438.35,3395.9,3412.87
2/3/2019,BTCUSD,3467.42,3471.56,3386.91,3415.41
2/2/2019,BTCUSD,3437.65,3484.34,3414.18,3467.42
2/1/2019,BTCUSD,3413.12,3457.67,3374,3437.65
1/31/2019,BTCUSD,3435.47,3472.8,3394.3,3413.12
1/30/2019,BTCUSD,3392.18,3459.67,3372.4,3435.47
1/29/2019,BTCUSD,3432.34,3439.59,3343.04,3392.18
1/28/2019,BTCUSD,3532.55,3534.28,3371.77,3432.34
1/27/2019,BTCUSD,3547.7,3547.7,3547.7,3547.7
1/26/2019,BTCUSD,3547.7,3547.7,3547.7,3547.7
1/25/2019,BTCUSD,3569.91,3579.02,3513.98,3547.7
1/24/2019,BTCUSD,3555,3595,3529,3571.75
1/23/2019,BTCUSD,3579.34,3617.04,3522.01,3555
1/22/2019,BTCUSD,3534.59,3610.76,3420.84,3579.34
1/21/2019,BTCUSD,3535.35,3571.69,3488.48,3534.59
1/20/2019,BTCUSD,3683.22,3700.96,3472.9,3535.35
1/19/2019,BTCUSD,3607.81,3764.04,3605.57,3683.22
1/18/2019,BTCUSD,3637.09,3641.29,3578,3607.81
1/17/2019,BTCUSD,3608.22,3660.89,3544.31,3637.09
1/16/2019,BTCUSD,3585.47,3667.16,3573.9,3608.22
1/15/2019,BTCUSD,3665.5,3685.61,3543.77,3585.47
1/14/2019,BTCUSD,3514.74,3711.73,3507.78,3665.5
1/13/2019,BTCUSD,3615.72,3643.08,3480.43,3514.74
1/12/2019,BTCUSD,3634.49,3648.26,3550,3615.72
1/11/2019,BTCUSD,3624.18,3698.72,3571.64,3634.49
1/10/2019,BTCUSD,4001.15,4034.02,3569.09,3624.18
1/9/2019,BTCUSD,3996.57,4043.86,3961.76,4001.15
1/8/2019,BTCUSD,4004.9,4120.08,3943.63,3996.57
1/7/2019,BTCUSD,4038.41,4071.42,3968.81,4004.9
1/6/2019,BTCUSD,3796.4,4080.29,3754.96,4038.41
1/5/2019,BTCUSD,3823,3872.92,3777.38,3796.4
1/4/2019,BTCUSD,3785.63,3849.99,3729.52,3823
1/3/2019,BTCUSD,3889.1,3892.77,3756.19,3785.63
1/2/2019,BTCUSD,3823.17,3914.34,3769.45,3889.1
1/1/2019,BTCUSD,3689.38,3840.47,3634.52,3823.17
12/31/2018,BTCUSD,3830.74,3837.81,3631.53,3689.38
12/30/2018,BTCUSD,3726.12,3862.88,3686.81,3830.74
12/29/2018,BTCUSD,3889.87,3938.73,3697.21,3726.12
12/28/2018,BTCUSD,3594.77,3958.09,3575,3889.87
12/27/2018,BTCUSD,3807.11,3840.83,3560.21,3594.77
12/26/2018,BTCUSD,3780.76,3862.03,3686.05,3807.11
12/25/2018,BTCUSD,4034.06,4044.28,3677.76,3780.76
12/24/2018,BTCUSD,3945.77,4237,3944.75,4034.06
12/23/2018,BTCUSD,3993.13,4051.09,3909.07,3945.77
12/22/2018,BTCUSD,3838.3,4012.38,3790.42,3993.13
12/21/2018,BTCUSD,4137.48,6222.02,2021.83,3838.3
12/20/2018,BTCUSD,3688.22,5065.94,3663.49,4137.48
12/19/2018,BTCUSD,3668.58,3919.72,3645.42,3688.22
12/18/2018,BTCUSD,3498.93,3681.9,3435.61,3668.58
12/17/2018,BTCUSD,3195.24,3585.07,3180.32,3498.93
12/16/2018,BTCUSD,3182.83,3260.23,3179.99,3195.24
12/15/2018,BTCUSD,3192.8,3228.81,3124.82,3182.83
12/14/2018,BTCUSD,3263.05,3294.35,3136.64,3192.8
12/13/2018,BTCUSD,3430.05,3440.16,3225.6,3263.05
12/12/2018,BTCUSD,3348.03,3489.28,3326.73,3430.05
12/11/2018,BTCUSD,3413.83,3574.97,3291.83,3348.03
12/10/2018,BTCUSD,3532,3587.13,3354.56,3413.83
12/9/2018,BTCUSD,3397.92,3637.58,3374.79,3532
12/8/2018,BTCUSD,3380.06,3493.39,3243.5,3397.92
12/7/2018,BTCUSD,3442.12,3551.43,3210.05,3380.06
12/6/2018,BTCUSD,3690.26,3848,3424.77,3442.12
12/5/2018,BTCUSD,3902.9,3916,3669.51,3690.26
12/4/2018,BTCUSD,3834.21,4037.87,3725,3902.9
12/3/2018,BTCUSD,4099.8,4115.67,3746.49,3834.21
12/2/2018,BTCUSD,4146.05,4260.81,4029.49,4099.8
12/1/2018,BTCUSD,3975.01,4260.95,3910.2,4146.05
11/30/2018,BTCUSD,4245,4300.4,3866.79,3975.01
11/29/2018,BTCUSD,4215.71,4403.19,4088.79,4245
11/28/2018,BTCUSD,3776.68,4346.23,3770.28,4215.71
11/27/2018,BTCUSD,3729.06,3829.28,3560,3776.68
11/26/2018,BTCUSD,3940.28,4074.73,3519.42,3729.06
11/25/2018,BTCUSD,3780.18,4128.99,3474.98,3940.28
11/24/2018,BTCUSD,4288.74,4377.08,3655.74,3780.18
11/23/2018,BTCUSD,4267,4364,4090,4288.74
11/22/2018,BTCUSD,4547.2,4589.76,4237.16,4267
11/21/2018,BTCUSD,4353.33,4633.11,4235.1,4547.2
11/20/2018,BTCUSD,4734.33,4889.79,4038.69,4353.33
11/19/2018,BTCUSD,5555,5557.5,4669.5,4734.33
11/18/2018,BTCUSD,5509.69,5668.49,5503.1,5555
11/17/2018,BTCUSD,5515.09,5548.52,5456.43,5509.69
11/16/2018,BTCUSD,5578.39,5615.04,5420.5,5515.09
11/15/2018,BTCUSD,5598.27,5640.95,5197.83,5578.39
11/14/2018,BTCUSD,6259.75,6295.69,5299.47,5598.27
11/13/2018,BTCUSD,6326.39,6329.79,6250,6259.75
11/12/2018,BTCUSD,6364.79,6387.08,6295.23,6326.39
11/11/2018,BTCUSD,6351.5,6364.98,6267.97,6364.79
11/10/2018,BTCUSD,6339.18,6378.21,6335.73,6351.5
11/9/2018,BTCUSD,6413.81,6420.57,6313.03,6339.18
11/8/2018,BTCUSD,6501.39,6513.42,6377.77,6413.81
11/7/2018,BTCUSD,6447.93,6536.92,6447.93,6501.39
11/6/2018,BTCUSD,6405,6451.78,6388.13,6447.93
11/5/2018,BTCUSD,6420.96,6440.55,6374.96,6405
11/4/2018,BTCUSD,6334.18,6466.43,6317.99,6420.96
11/3/2018,BTCUSD,6350.46,6351.84,6313.28,6334.18
11/2/2018,BTCUSD,6345.15,6380.27,6331.81,6350.46
11/1/2018,BTCUSD,6307,6362.27,6292.13,6345.15
10/31/2018,BTCUSD,6274.93,6358.63,6208.29,6307
10/30/2018,BTCUSD,6265.2,6289.41,6244.79,6274.93
10/29/2018,BTCUSD,6410.32,6415,6198.73,6265.2
10/28/2018,BTCUSD,6410.33,6418.8,6386.03,6410.32
10/27/2018,BTCUSD,6408.76,6423.69,6384.26,6410.33
10/26/2018,BTCUSD,6389,6454.19,6379,6408.76
10/25/2018,BTCUSD,6411.98,6423,6354.68,6389
10/24/2018,BTCUSD,6395.84,6475.24,6393.9,6411.98
10/23/2018,BTCUSD,6409.09,6417.32,6359.84,6395.84
10/22/2018,BTCUSD,6410.32,6421.81,6362,6409.09
10/21/2018,BTCUSD,6415.52,6450,6396.7,6410.32
10/20/2018,BTCUSD,6386.75,6420.99,6367.19,6415.52
10/19/2018,BTCUSD,6395.71,6411.78,6352,6386.75
10/18/2018,BTCUSD,6440.42,6489.06,6349.73,6395.71
10/17/2018,BTCUSD,6453.09,6460,6407.21,6440.42
10/16/2018,BTCUSD,6434.47,6491.32,6387.25,6453.09
10/15/2018,BTCUSD,6185.33,6732.48,6149.3,6434.47
10/14/2018,BTCUSD,6198.38,6289.61,6148.68,6185.33
10/13/2018,BTCUSD,6185.04,6215.45,6170,6198.38
10/12/2018,BTCUSD,6152.65,6234.6,6108,6185.04
10/11/2018,BTCUSD,6532.04,6532.04,6062.42,6152.65
10/10/2018,BTCUSD,6586.98,6591.02,6443.97,6532.04
10/9/2018,BTCUSD,6606.52,6617.08,6551.93,6586.98
10/8/2018,BTCUSD,6574.28,6661.35,6549,6606.52
10/7/2018,BTCUSD,6550.94,6596.22,6498.09,6574.28
10/6/2018,BTCUSD,6575.78,6600.69,6534.87,6550.94
10/5/2018,BTCUSD,6551.2,6651.02,6513.85,6575.52
10/4/2018,BTCUSD,6462.95,6575,6455.83,6551.2
10/3/2018,BTCUSD,6500.68,6512.65,6400,6462.95
10/2/2018,BTCUSD,6575,6599.4,6450,6500.68
10/1/2018,BTCUSD,6593.83,6640,6480.94,6575
9/30/2018,BTCUSD,6583.05,6638.38,6519.82,6593.83
9/29/2018,BTCUSD,6622.84,6622.84,6456.28,6583.05
9/28/2018,BTCUSD,6683.16,6790.91,6527,6622.84
9/27/2018,BTCUSD,6454.38,6737.29,6428.41,6683.16
9/26/2018,BTCUSD,6434.49,6538.56,6374.44,6454.38
9/25/2018,BTCUSD,6577.52,6577.74,6325.38,6434.49
9/24/2018,BTCUSD,6701.2,6722.65,6552.44,6577.52
9/23/2018,BTCUSD,6716.75,6772.9,6668.11,6701.2
9/22/2018,BTCUSD,6753.11,6827.34,6626.34,6716.75
9/21/2018,BTCUSD,6493.79,6775,6484.17,6753.11
9/20/2018,BTCUSD,6389.25,6532.85,6337.13,6493.79
9/19/2018,BTCUSD,6332.82,6525.28,6075.29,6389.25
9/18/2018,BTCUSD,6249.41,6385.05,6227.48,6332.82
9/17/2018,BTCUSD,6497.98,6530.52,6185,6249.41
9/16/2018,BTCUSD,6524.18,6524.18,6377.44,6497.98
9/15/2018,BTCUSD,6527.72,6561.12,6472.97,6524.18
9/14/2018,BTCUSD,6485.97,6584.47,6375,6527.72
9/13/2018,BTCUSD,6336.5,6530.01,6328.14,6485.97
9/12/2018,BTCUSD,6279.5,6345.72,6189.6,6336.5
9/11/2018,BTCUSD,6305.06,6421.59,6166.7,6279.5
9/10/2018,BTCUSD,6239.75,6358.54,6225.85,6305.06
9/9/2018,BTCUSD,6184.2,6476.49,6147.44,6239.75
9/8/2018,BTCUSD,6400.46,6467.18,6110.76,6184.2
9/7/2018,BTCUSD,6491.09,6528.95,6326.08,6400.46
9/6/2018,BTCUSD,6683.62,6705.44,6261.62,6491.09
9/5/2018,BTCUSD,7359.62,7390,6660.01,6683.62
9/4/2018,BTCUSD,7261.5,7411.01,7236.24,7359.62
9/3/2018,BTCUSD,7289.47,7339.13,7192.31,7261.5
9/2/2018,BTCUSD,7194.6,7330.25,7139.15,7289.47
9/1/2018,BTCUSD,7015.85,7276.3,7014.9,7194.6
8/31/2018,BTCUSD,6980.12,7084.44,6883.45,7015.85
8/30/2018,BTCUSD,7035.74,7055.02,6787.35,6980.12
8/29/2018,BTCUSD,7074.46,7123,6892.08,7035.74
8/28/2018,BTCUSD,6908,7125.95,6863.97,7074.46
8/27/2018,BTCUSD,6713,6948.52,6652.83,6908
8/26/2018,BTCUSD,6734.37,6775,6573.45,6713
8/25/2018,BTCUSD,6695.82,7550,6682.51,6734.37
8/24/2018,BTCUSD,6522.1,6723.03,6448.57,6695.82
8/23/2018,BTCUSD,6354.59,6571.73,6350.19,6522.1
8/22/2018,BTCUSD,6480,6903.36,6250.01,6354.59
8/21/2018,BTCUSD,6251.01,6500.62,6244.76,6480
8/20/2018,BTCUSD,6489.16,6522.63,6234.9,6251.01
8/19/2018,BTCUSD,6396.6,6549.95,6312.37,6489.16
8/18/2018,BTCUSD,6580.65,6621.76,6308.27,6396.6
8/17/2018,BTCUSD,6315.43,6587.62,6292.69,6580.65
8/16/2018,BTCUSD,6274.85,6476.24,6215.21,6315.43
8/15/2018,BTCUSD,6194.43,6626.03,6190.34,6274.85
8/14/2018,BTCUSD,6254.05,6255.7,5881.41,6194.43
8/13/2018,BTCUSD,6315.45,6547.28,6146.48,6254.05
8/12/2018,BTCUSD,6237.02,6489.76,6165.24,6315.45
8/11/2018,BTCUSD,6144,6494.41,6002.34,6237.02
8/10/2018,BTCUSD,6531,6580.25,6009.85,6144
8/9/2018,BTCUSD,6277.87,6629.38,6187,6531
8/8/2018,BTCUSD,6718.54,6718.54,6121.68,6277.87
8/7/2018,BTCUSD,6938.41,7151.13,6675.1,6718.54
8/6/2018,BTCUSD,7025.3,7176,6841.96,6938.41
8/5/2018,BTCUSD,7003.71,7080.34,6888.3,7025.3
8/4/2018,BTCUSD,7415,7487.84,6926.14,7003.71
8/3/2018,BTCUSD,7538.06,7538.06,7291.64,7415
8/2/2018,BTCUSD,7607.65,7710.53,7461.51,7538.06
8/1/2018,BTCUSD,7728.6,7755.57,7440,7607.65
7/31/2018,BTCUSD,8162.74,8162.74,7646.49,7728.6
7/30/2018,BTCUSD,8211.93,8278.06,7853.99,8162.74
7/29/2018,BTCUSD,8225.6,8279.21,8120,8211.93
7/28/2018,BTCUSD,8181.31,8232.39,8050.23,8225.6
7/27/2018,BTCUSD,7920.38,8266.18,7789.11,8181.31
7/26/2018,BTCUSD,8162.24,8299.61,7845.48,7920.38
7/25/2018,BTCUSD,8400.48,8480.39,8049.98,8162.24
7/24/2018,BTCUSD,7714.56,8471.42,7695.4,8400.48
7/23/2018,BTCUSD,7394.65,7801.23,7373.35,7714.56
7/22/2018,BTCUSD,7404.19,7555.33,7325.01,7394.65
7/21/2018,BTCUSD,7329.39,7444.42,7213.18,7404.19
7/20/2018,BTCUSD,7466.65,7681.54,7268.59,7329.39
7/19/2018,BTCUSD,7378.57,7554.76,7286.22,7466.65
7/18/2018,BTCUSD,7316.96,7581.3,7241.33,7378.57
7/17/2018,BTCUSD,6723.81,7469.85,6660.87,7316.96
7/16/2018,BTCUSD,6345.9,6747.55,6335.35,6723.81
7/15/2018,BTCUSD,6252.85,6384,6230.69,6345.9
7/14/2018,BTCUSD,6221.47,6324.06,6187.62,6252.85
7/13/2018,BTCUSD,6243.52,6338,6130,6221.47
7/12/2018,BTCUSD,6380.38,6380.38,6081.42,6243.52
7/11/2018,BTCUSD,6300.29,6397.4,6286.98,6380.38
7/10/2018,BTCUSD,6659.95,6680.58,6273.85,6300.29
7/9/2018,BTCUSD,6703.83,6790,6626.15,6659.95
7/8/2018,BTCUSD,6755.65,6780.75,6673.06,6703.83
7/7/2018,BTCUSD,6601.56,6844.37,6505.6,6755.65
7/6/2018,BTCUSD,6530.93,6638.79,6456.36,6601.56
7/5/2018,BTCUSD,6585.9,6706.18,6450.06,6530.93
7/4/2018,BTCUSD,6498.44,6806.17,6392.4,6585.9
7/3/2018,BTCUSD,6618.24,6658.9,6466.34,6498.44
7/2/2018,BTCUSD,6348.52,6672.42,6276,6618.24
7/1/2018,BTCUSD,6390.42,6428.35,6259.57,6348.52
6/30/2018,BTCUSD,6207.39,6535.89,6192.54,6390.42
6/29/2018,BTCUSD,5848.04,6340.36,5784.29,6207.39
6/28/2018,BTCUSD,6134.27,6160,5819.98,5848.04
6/27/2018,BTCUSD,6073.05,6184.44,5982.4,6134.27
6/26/2018,BTCUSD,6248.14,6280.39,6053.86,6073.05
6/25/2018,BTCUSD,6151.59,6344.35,6075.62,6248.14
6/24/2018,BTCUSD,6177.21,6251.62,5758.66,6151.59
6/23/2018,BTCUSD,6063.28,6256.91,6032,6177.21
6/22/2018,BTCUSD,6718.25,6730,5936.19,6063.28
6/21/2018,BTCUSD,6760,6787.62,6672.87,6718.25
6/20/2018,BTCUSD,6742.24,6811.19,6555.62,6760
6/19/2018,BTCUSD,6712.85,6838.01,6662.34,6742.24
6/18/2018,BTCUSD,6444.52,6785.55,6391,6712.85
6/17/2018,BTCUSD,6485.91,6576.84,6435.64,6444.52
6/16/2018,BTCUSD,6470,6557.53,6331.45,6485.91
6/15/2018,BTCUSD,6640.45,6656.8,6441.97,6470
6/14/2018,BTCUSD,6301.35,6711.52,6274.48,6640.45
6/13/2018,BTCUSD,6548.65,6623.33,6137.2,6301.35
6/12/2018,BTCUSD,6880.15,6887.64,6449.97,6548.65
6/11/2018,BTCUSD,6762.19,6911.69,6625.61,6880.15
6/10/2018,BTCUSD,7502.8,7502.8,6618.07,6762.19
6/9/2018,BTCUSD,7618.9,7685.61,7466.93,7502.8
6/8/2018,BTCUSD,7689.66,7694.54,7542.3,7618.9
6/7/2018,BTCUSD,7656.06,7747.67,7627.99,7689.66
6/6/2018,BTCUSD,7619.88,7699.99,7476,7656.06
6/5/2018,BTCUSD,7490.74,7675.99,7351.52,7619.88
6/4/2018,BTCUSD,7713.22,7766.14,7445.63,7490.74
6/3/2018,BTCUSD,7633.89,7800.46,7588.51,7713.22
6/2/2018,BTCUSD,7526.05,7695.49,7443.72,7633.89
6/1/2018,BTCUSD,7487.56,7624.82,7349.17,7526.05
5/31/2018,BTCUSD,7377.09,7617.72,7333.64,7487.56
5/30/2018,BTCUSD,7464.35,7565.24,7264.09,7377.09
5/29/2018,BTCUSD,7120.06,7541.75,7050.14,7464.35
5/28/2018,BTCUSD,7347.27,7445.17,7081.76,7120.06
5/27/2018,BTCUSD,7336.69,7401.37,7223.76,7347.27
5/26/2018,BTCUSD,7463.14,7656.91,7300,7336.69
5/25/2018,BTCUSD,7575.58,7665.91,7319.63,7463.14
5/24/2018,BTCUSD,7506.22,7744.51,7254.54,7575.58
5/23/2018,BTCUSD,7991.21,8033.3,7422,7506.22
5/22/2018,BTCUSD,8403.28,8408.29,7955.53,7991.21
5/21/2018,BTCUSD,8520,8603.27,8301.06,8403.28
5/20/2018,BTCUSD,8241.15,8605.85,8171.43,8520
5/19/2018,BTCUSD,8244.33,8402,8144.73,8241.15
5/18/2018,BTCUSD,8062.22,8271,7925.8,8244.33
5/17/2018,BTCUSD,8340.51,8492.99,7995.65,8062.22
5/16/2018,BTCUSD,8475.88,8498.99,8083.77,8340.51
5/15/2018,BTCUSD,8683.63,8849.03,8403.33,8475.88
5/14/2018,BTCUSD,8692.81,8898.61,8290.7,8683.63
5/13/2018,BTCUSD,8464.2,8758.86,8341.46,8692.81
5/12/2018,BTCUSD,8407.82,8650.01,8225.19,8464.2
5/11/2018,BTCUSD,9016.92,9016.92,8353.33,8407.82
5/10/2018,BTCUSD,9304.73,9391.97,8999.43,9016.92
5/9/2018,BTCUSD,9182.97,9361.41,8972.6,9304.73
5/8/2018,BTCUSD,9364.52,9455.91,9010.19,9182.97
5/7/2018,BTCUSD,9620,9620,9170,9364.52
5/6/2018,BTCUSD,9815.58,9891.72,9408.42,9620
5/5/2018,BTCUSD,9695.85,9949.97,9670.9,9815.58
5/4/2018,BTCUSD,9719.82,9745,9505.99,9695.85
5/3/2018,BTCUSD,9229.77,9775.74,9164.53,9719.82
5/2/2018,BTCUSD,9055,9279.87,8979.27,9229.77
5/1/2018,BTCUSD,9232.7,9250,8840.36,9055
4/30/2018,BTCUSD,9388.13,9442,9118.3,9232.7
4/29/2018,BTCUSD,9346.55,9547.5,9180.05,9388.13
4/28/2018,BTCUSD,9128.61,9408.33,9050.28,9346.55
4/27/2018,BTCUSD,9280,9360,9079.83,9128.61
4/26/2018,BTCUSD,8864.42,9310.7,8654.73,9280
4/25/2018,BTCUSD,9686.11,9740.26,8758.17,8864.42
4/24/2018,BTCUSD,8938.81,9729.2,8931.54,9686.11
4/23/2018,BTCUSD,8797.01,8998.52,8780,8938.81
4/22/2018,BTCUSD,8924.43,9013.55,8763.13,8797.01
4/21/2018,BTCUSD,8859.65,9036.86,8617.05,8924.43
4/20/2018,BTCUSD,8275.6,8933.8,8222.11,8859.65
4/19/2018,BTCUSD,8168.11,8291.91,8090.45,8275.6
4/18/2018,BTCUSD,7891.3,8229.52,7875.17,8168.11
4/17/2018,BTCUSD,8049.75,8155.68,7825.52,7891.3
4/16/2018,BTCUSD,8360.95,8414.3,7910.94,8049.75
4/15/2018,BTCUSD,7996.03,8394.88,7996.03,8360.95
4/14/2018,BTCUSD,7878.81,8169,7831.51,7996.03
4/13/2018,BTCUSD,7919.43,8218.74,7755.41,7878.81
4/12/2018,BTCUSD,6937.54,8045.53,6764.43,7919.43
4/11/2018,BTCUSD,6831.17,6969.02,6809.1,6937.54
4/10/2018,BTCUSD,6772.92,6883.81,6665.41,6831.17
4/9/2018,BTCUSD,7019.16,7162.33,6612.09,6772.92
4/8/2018,BTCUSD,6894.28,7095.16,6894.28,7019.16
4/7/2018,BTCUSD,6619.19,7051.88,6615.15,6894.28
4/6/2018,BTCUSD,6774.46,6860.69,6515.47,6619.19
4/5/2018,BTCUSD,6778.43,6920,6586.49,6774.46
4/4/2018,BTCUSD,7424.31,7424.8,6711.69,6778.43
4/3/2018,BTCUSD,7043.9,7500.51,7011.75,7424.31
4/2/2018,BTCUSD,6827.36,7117.18,6774.91,7043.9
4/1/2018,BTCUSD,6925.16,7038.06,6446.45,6827.36
3/31/2018,BTCUSD,6845.13,7210.71,6800.32,6925.16
3/30/2018,BTCUSD,7085.83,7269.9,6592.62,6845.13
3/29/2018,BTCUSD,7949.67,7962.61,6916,7085.83
3/28/2018,BTCUSD,7793.41,8100,7735.08,7949.67
3/27/2018,BTCUSD,8142.95,8214.59,7743.75,7793.41
3/26/2018,BTCUSD,8448.08,8497.69,7873.6,8142.95
3/25/2018,BTCUSD,8541.3,8675.73,8373.33,8448.08
3/24/2018,BTCUSD,8928.05,9005.13,8496.92,8541.3
3/23/2018,BTCUSD,8730.23,8928.05,8290.69,8928.05
3/22/2018,BTCUSD,8910.13,9097.87,8487.46,8730.23
3/21/2018,BTCUSD,8948.52,9173,8770.04,8910.13
3/20/2018,BTCUSD,8595.66,9040.32,8325.16,8948.52
3/19/2018,BTCUSD,8198.65,8725.54,8120,8595.66
3/18/2018,BTCUSD,7882.13,8300.96,7324.51,8198.65
3/17/2018,BTCUSD,8268,8343.13,7749.99,7882.13
3/16/2018,BTCUSD,8259.41,8594.77,7921.25,8268
3/15/2018,BTCUSD,8206.1,8414,7673.05,8259.41
3/14/2018,BTCUSD,9153.98,9350,7990,8206.1
3/13/2018,BTCUSD,9099.95,9472.22,8857.48,9153.98
3/12/2018,BTCUSD,9530.96,9890,8778.12,9099.95
3/11/2018,BTCUSD,8791.52,9759.67,8489.46,9530.96
3/10/2018,BTCUSD,9241.89,9490.32,8722.58,8791.52
3/9/2018,BTCUSD,9292.93,9411.17,8366.33,9241.89
3/8/2018,BTCUSD,9886.72,10107.87,9067.46,9292.93
3/7/2018,BTCUSD,10701.35,10890,9411.09,9886.72
3/6/2018,BTCUSD,11400,11401.55,10568.3,10701.35
3/5/2018,BTCUSD,11491.94,11630.7,11400,11400
3/4/2018,BTCUSD,11433.6,11499.71,11054,11491.94
3/3/2018,BTCUSD,11023.79,11484.08,11023.79,11433.6
3/2/2018,BTCUSD,10903.35,11161.76,10784.08,11023.79
3/1/2018,BTCUSD,10300.52,11070,10219.72,10903.35
2/28/2018,BTCUSD,10570.73,11040.14,10274.95,10300.52
2/27/2018,BTCUSD,10296.8,10842,10133.3,10570.73
2/26/2018,BTCUSD,9589.83,10444.18,9396.04,10296.8
2/25/2018,BTCUSD,9683.39,9873,9300,9589.83
2/24/2018,BTCUSD,10164.11,10535.55,9373.31,9683.39
2/23/2018,BTCUSD,9824,10405.9,9593.56,10164.11
2/22/2018,BTCUSD,10470.54,10927.6,9729.62,9824
2/21/2018,BTCUSD,11226.72,11267.05,10242.51,10470.54
2/20/2018,BTCUSD,11163.11,11784,11066.87,11226.72
2/19/2018,BTCUSD,10388.37,11255.02,10305.8,11163.11
2/18/2018,BTCUSD,11099.39,11282.54,10168.03,10388.37
2/17/2018,BTCUSD,10184.27,11134.25,10053.92,11099.39
2/16/2018,BTCUSD,10025.33,10303.98,9738.47,10184.27
2/15/2018,BTCUSD,9496.11,10240.11,9363.01,10025.33
2/14/2018,BTCUSD,8515.07,9516.09,8515.07,9496.11
2/13/2018,BTCUSD,8899.98,8935,8376.07,8515.07
2/12/2018,BTCUSD,8088.43,8985,8080.65,8899.98
2/11/2018,BTCUSD,8558.74,8565.64,7850,8088.43
2/10/2018,BTCUSD,8713.62,9089.35,8162.5,8558.74
2/9/2018,BTCUSD,8252.98,8726.57,7760.01,8713.62
2/8/2018,BTCUSD,7574.66,8625.05,7573.6,8252.98
2/7/2018,BTCUSD,7695.88,8592.99,7213.56,7574.66
2/6/2018,BTCUSD,6930.82,7940,5930.11,7695.88
2/5/2018,BTCUSD,8210.75,8350.53,6587.46,6930.82
2/4/2018,BTCUSD,9239.2,9360.94,7871.9,8210.75
2/3/2018,BTCUSD,8813.84,9487.1,8185.91,9239.2
2/2/2018,BTCUSD,9008.87,9088.03,7615.69,8813.84
2/1/2018,BTCUSD,10140.46,10196.96,8448.31,9008.87
1/31/2018,BTCUSD,10000.17,10315.21,9585.9,10140.46
1/30/2018,BTCUSD,11143.85,11158.99,9750,10000.17
1/29/2018,BTCUSD,11693.82,11748.36,11014.39,11143.85
1/28/2018,BTCUSD,11423.05,11997.39,11391.14,11693.82
1/27/2018,BTCUSD,11110.75,11589.68,10857.78,11423.05
1/26/2018,BTCUSD,11138.67,11615.57,10286.34,11110.75
1/25/2018,BTCUSD,11382.24,11710,10859.66,11138.67
1/24/2018,BTCUSD,10866.16,11486.06,10502,11382.24
1/23/2018,BTCUSD,10769.42,11372.87,9976,10866.16
1/22/2018,BTCUSD,11490.15,11873.13,10001,10769.42
1/21/2018,BTCUSD,12770.52,12776.94,11092,11490.15
1/20/2018,BTCUSD,11537.11,13009.08,11520.59,12770.52
1/19/2018,BTCUSD,11375.49,12022.31,11067.97,11537.11
1/18/2018,BTCUSD,11185.28,12150.35,10707.68,11375.49
1/17/2018,BTCUSD,11369.25,11727.01,9129.99,11185.28
1/16/2018,BTCUSD,13600.16,13619.31,10008.11,11369.25
1/15/2018,BTCUSD,13619.65,14307.34,13388.32,13600.16
1/14/2018,BTCUSD,14230,14350,13061.87,13619.65
1/13/2018,BTCUSD,13823.45,14554.54,13823.45,14230
1/12/2018,BTCUSD,13311.83,14131.2,12885.19,13823.45
1/11/2018,BTCUSD,14894.3,14984.92,12801.01,13311.83
1/10/2018,BTCUSD,14419.5,14901.64,13444.54,14894.3
1/9/2018,BTCUSD,14991.15,15379.24,14172.96,14419.5
1/8/2018,BTCUSD,16167.15,16310.77,13928.61,14991.15
1/7/2018,BTCUSD,17151.96,17161.21,15780.3,16167.15
1/6/2018,BTCUSD,16923.72,17220.08,16291.92,17151.96
1/5/2018,BTCUSD,15187.37,17148.02,14814.25,16923.72
1/4/2018,BTCUSD,15137.03,15414.21,14173.45,15187.37
1/3/2018,BTCUSD,14730.69,15407.88,14546.3,15137.03
1/2/2018,BTCUSD,13406.56,15305.48,12981.03,14730.69
1/1/2018,BTCUSD,13863.49,13912.06,12837.8,13406.56
12/31/2017,BTCUSD,12676.36,14234.67,12528.06,13863.49
12/30/2017,BTCUSD,14486.91,14551.98,12382.16,12676.36
12/29/2017,BTCUSD,14464,15063.26,14012.57,14486.91
12/28/2017,BTCUSD,15408.77,15489.97,13510,14464
12/27/2017,BTCUSD,15783.91,16499.6,14541.59,15408.77
12/26/2017,BTCUSD,13940.8,16119.33,13902.67,15783.91
12/25/2017,BTCUSD,14053.38,14610,13268,13940.8
12/24/2017,BTCUSD,14664.08,14871.86,12668.61,14053.38
12/23/2017,BTCUSD,14058.47,15921.15,13796.86,14664.08
12/22/2017,BTCUSD,15300.29,15300.29,10720,14058.47
12/21/2017,BTCUSD,16473.97,17279.55,15076.52,15288.94
12/20/2017,BTCUSD,17596.1,17850,15544.43,16473.97
12/19/2017,BTCUSD,18930.81,18996,16725.87,17596.1
12/18/2017,BTCUSD,19050,19230.24,18079,18930.81
12/17/2017,BTCUSD,19357.97,19720,18758.85,19050
12/16/2017,BTCUSD,17685.55,19500.1,17488,19357.97
12/15/2017,BTCUSD,16598.4,17839,16588.42,17685.55
12/14/2017,BTCUSD,16517.6,17108.45,16166.18,16598.4
12/13/2017,BTCUSD,17333.51,17548.23,16000,16517.6
12/12/2017,BTCUSD,16907.28,17590,16334.9,17333.51
12/11/2017,BTCUSD,15301.96,17448.88,15272.13,16907.28
12/10/2017,BTCUSD,15062.92,16143.98,13208,15301.96
12/9/2017,BTCUSD,16158.92,16500.49,13200,15062.92
12/8/2017,BTCUSD,16782.72,17188.27,13871.18,16158.92
12/7/2017,BTCUSD,13651.98,16800,13201,16782.72
12/6/2017,BTCUSD,11693.48,13738.63,11684.86,13651.98
12/5/2017,BTCUSD,11625.09,11864.01,11458.14,11693.48
12/4/2017,BTCUSD,11175,11629.18,10865.83,11625.09
12/3/2017,BTCUSD,10899.95,11800,10274.92,11175
12/2/2017,BTCUSD,10874.73,11154.87,10698.38,10899.95
12/1/2017,BTCUSD,9941.96,10942.59,9367.99,10874.73
11/30/2017,BTCUSD,9820.04,10800,8897.06,9941.96
11/29/2017,BTCUSD,9936.23,11250,8980.72,9820.04
11/28/2017,BTCUSD,9755,9978.85,9648.6,9936.23
11/27/2017,BTCUSD,9334.25,9764.84,9334.25,9755
11/26/2017,BTCUSD,8785,9518.67,8752.34,9334.25
11/25/2017,BTCUSD,8205.25,8793.49,8166.52,8785
11/24/2017,BTCUSD,8010,8335.27,7879.68,8205.25
11/23/2017,BTCUSD,8234.2,8270.98,8010,8010
11/22/2017,BTCUSD,8098.31,8289.12,8063.17,8234.2
11/21/2017,BTCUSD,8231.93,8356.99,7795.5,8098.31
11/20/2017,BTCUSD,8041.09,8281,7950,8231.93
11/19/2017,BTCUSD,7780,8100.28,7678.3,8041.09
11/18/2017,BTCUSD,7690.38,7838.95,7457.21,7780
11/17/2017,BTCUSD,7841.77,8000,7519.55,7690.38
11/16/2017,BTCUSD,7292.56,7982.79,7122.2,7841.77
11/15/2017,BTCUSD,6604.17,7345.31,6602.42,7292.56
11/14/2017,BTCUSD,6523.86,6742.29,6484.85,6604.17
11/13/2017,BTCUSD,5856.39,6797.05,5809.17,6523.86
11/12/2017,BTCUSD,6351.07,6452.86,5493,5856.39
11/11/2017,BTCUSD,6571.91,6826.42,6200,6351.07
11/10/2017,BTCUSD,7151.29,7344.6,6420.5,6571.91
11/9/2017,BTCUSD,7477.05,7504.56,7054.21,7151.29
11/8/2017,BTCUSD,7123.55,7870,7077.24,7477.05
11/7/2017,BTCUSD,6958.54,7229,6958.45,7123.55
11/6/2017,BTCUSD,7383.3,7427,6925.2,6958.54
11/5/2017,BTCUSD,7392.76,7602.81,7298.67,7383.3
11/4/2017,BTCUSD,7161.52,7506.89,7000,7392.76
11/3/2017,BTCUSD,7032.65,7466.87,6940.55,7161.52
11/2/2017,BTCUSD,6740,7343.5,6737.68,7032.65
11/1/2017,BTCUSD,6448.65,6749.99,6355,6740
10/31/2017,BTCUSD,6124.83,6463.71,6085.91,6448.65
10/30/2017,BTCUSD,6137.83,6215,6026.77,6124.83
10/29/2017,BTCUSD,5730.76,6310.09,5692.69,6137.83
10/28/2017,BTCUSD,5764.27,5875.95,5655.01,5730.76
10/27/2017,BTCUSD,5889.23,5991.89,5689.61,5764.27
10/26/2017,BTCUSD,5736.57,5979.21,5694.14,5889.23
10/25/2017,BTCUSD,5521.33,5750.25,5360,5736.57
10/24/2017,BTCUSD,5903.66,5903.66,5461.99,5521.33
10/23/2017,BTCUSD,5989.93,6056.05,5646.6,5903.66
10/22/2017,BTCUSD,6013.59,6070.75,5733.01,5989.93
10/21/2017,BTCUSD,5981.93,6182.99,5878.82,6013.59
10/20/2017,BTCUSD,5721.64,6047.12,5613.05,5981.93
10/19/2017,BTCUSD,5572.36,5733.5,5522.73,5721.64
10/18/2017,BTCUSD,5597,5599.6,5105.85,5572.36
10/17/2017,BTCUSD,5745.64,5764.51,5523,5597
10/16/2017,BTCUSD,5705,5775.95,5576.75,5745.64
10/15/2017,BTCUSD,5788.14,5828.13,5427.82,5705
10/14/2017,BTCUSD,5646.37,5792.23,5565,5788.14
10/13/2017,BTCUSD,5438.31,5870,5387.52,5646.37
10/12/2017,BTCUSD,4815,5438.31,4808.16,5438.31
10/11/2017,BTCUSD,4749.19,4867.6,4713.06,4815
10/10/2017,BTCUSD,4744.46,4892,4707.44,4749.19
10/9/2017,BTCUSD,4589.94,4861,4541.03,4744.46
10/8/2017,BTCUSD,4425.01,4596.79,4415.43,4589.94
10/7/2017,BTCUSD,4364.22,4460,4316.15,4425.01
10/6/2017,BTCUSD,4312,4417.11,4290,4364.22
10/5/2017,BTCUSD,4216.12,4358.96,4143.68,4312
10/4/2017,BTCUSD,4310.81,4340,4175.74,4216.12
10/3/2017,BTCUSD,4388.18,4421.7,4231.04,4310.81
10/2/2017,BTCUSD,4386.66,4454.16,4359.41,4388.18
10/1/2017,BTCUSD,4328.05,4391.67,4244.2,4386.66
9/30/2017,BTCUSD,4158.21,4345,4148.21,4328.05
9/29/2017,BTCUSD,4189.25,4221,4000,4158.21
9/28/2017,BTCUSD,4195.99,4254.9,3940.96,4189.25
9/27/2017,BTCUSD,3879.13,4221,3873.56,4195.99
9/26/2017,BTCUSD,3917.89,3962,3852.42,3879.13
9/25/2017,BTCUSD,3666.9,3962.69,3665.51,3917.89
9/24/2017,BTCUSD,3786.1,3786.65,3626,3666.9
9/23/2017,BTCUSD,3611.06,3806.2,3566,3786.1
9/22/2017,BTCUSD,3616.28,3755.97,3510.63,3611.06
9/21/2017,BTCUSD,3868.89,3901.41,3572.76,3616.28
9/20/2017,BTCUSD,3899.19,4043.79,3837.72,3868.89
9/19/2017,BTCUSD,4097.47,4119.07,3849.3,3899.19
9/18/2017,BTCUSD,3694.48,4119.85,3693.55,4097.47
9/17/2017,BTCUSD,3688.97,3802.49,3474.85,3694.48
9/16/2017,BTCUSD,3715.02,3892.63,3557.42,3688.97
9/15/2017,BTCUSD,3239.1,3825,2969.06,3715.02
9/14/2017,BTCUSD,3854.98,3926.16,3200,3239.1
9/13/2017,BTCUSD,4160.94,4169.79,3737.77,3854.98
9/12/2017,BTCUSD,4201.99,4369.25,4073.5,4160.94
9/11/2017,BTCUSD,4239.76,4358.46,4105.58,4201.99
9/10/2017,BTCUSD,4309.83,4309.83,4008.45,4239.76
9/9/2017,BTCUSD,4335.1,4391.86,4159.99,4309.83
9/8/2017,BTCUSD,4620.28,4677.05,4135.61,4335.1
9/7/2017,BTCUSD,4609.61,4670.76,4480.17,4620.28
9/6/2017,BTCUSD,4429.58,4669.03,4408.24,4609.61
9/5/2017,BTCUSD,4260,4550,4018.27,4429.58
9/4/2017,BTCUSD,4609.31,4613.49,4140.12,4260
9/3/2017,BTCUSD,4606.29,4828,4412.96,4609.31
9/2/2017,BTCUSD,4927.29,4979.86,4493,4606.29
9/1/2017,BTCUSD,4732.24,4930.05,4681.11,4927.29
8/31/2017,BTCUSD,4577.26,4765,4577.26,4732.24
8/30/2017,BTCUSD,4589.06,4636,4509.73,4577.26
8/29/2017,BTCUSD,4385,4641.08,4343.09,4589.06
8/28/2017,BTCUSD,4315.74,4397.42,4164.79,4385
8/27/2017,BTCUSD,4340.94,4393.65,4308.37,4315.74
8/26/2017,BTCUSD,4356.32,4374.39,4241.04,4340.94
8/25/2017,BTCUSD,4312.44,4453,4282.55,4356.32
8/24/2017,BTCUSD,4148.16,4350,4108.54,4312.44
8/23/2017,BTCUSD,4021.9,4243.94,4015.35,4157.49
8/22/2017,BTCUSD,3990.9,4143.41,3599.45,4021.9
8/21/2017,BTCUSD,4061.3,4088.31,3960,3990.9
8/20/2017,BTCUSD,4148.19,4187.25,4039.4,4061.3
8/19/2017,BTCUSD,4106.93,4188.39,3955.87,4148.19
8/18/2017,BTCUSD,4275.7,4361.38,3973.26,4106.93
8/17/2017,BTCUSD,4384.11,4475.77,4177.68,4275.7
8/16/2017,BTCUSD,4156.91,4391.64,3930,4384.11
8/15/2017,BTCUSD,4321.51,4426.74,3809.34,4156.91
8/14/2017,BTCUSD,4053.9,4327.98,3978.68,4321.51
8/13/2017,BTCUSD,3870.05,4163.16,3833.58,4053.9
8/12/2017,BTCUSD,3639.58,3965.5,3598.02,3870.05
8/11/2017,BTCUSD,3417.89,3708.42,3357.18,3639.58
8/10/2017,BTCUSD,3342.15,3446.38,3315,3417.89
8/9/2017,BTCUSD,3420.54,3425.99,3238.85,3342.15
8/8/2017,BTCUSD,3384.87,3486.48,3335.83,3420.54
8/7/2017,BTCUSD,3229.26,3426,3194.54,3384.87
8/6/2017,BTCUSD,3260.74,3292.77,3163.49,3229.26
8/5/2017,BTCUSD,2858.03,3333,2851.81,3260.74
8/4/2017,BTCUSD,2788.88,2877.23,2768,2858.03
8/3/2017,BTCUSD,2703.66,2804.17,2703.49,2788.88
8/2/2017,BTCUSD,2739.09,2758.86,2652,2703.66
8/1/2017,BTCUSD,2840,2900,2653.01,2739.09
7/31/2017,BTCUSD,2728.29,2893.89,2679.98,2840
7/30/2017,BTCUSD,2702.9,2741.5,2572.03,2728.29
7/29/2017,BTCUSD,2782.58,2785.92,2660.88,2702.9
7/28/2017,BTCUSD,2663.17,2798.91,2657.23,2782.58
7/27/2017,BTCUSD,2525.1,2686.94,2500,2663.17
7/26/2017,BTCUSD,2559.78,2606.18,2400,2525.1
7/25/2017,BTCUSD,2760.65,2775.14,2451.53,2559.78
7/24/2017,BTCUSD,2757.62,2786.66,2715.03,2760.65
7/23/2017,BTCUSD,2814.99,2820,2659.33,2757.62
7/22/2017,BTCUSD,2670,2815,2652.26,2814.99
7/21/2017,BTCUSD,2845,2877.79,2615.79,2670
7/20/2017,BTCUSD,2260.45,2930.98,2260.45,2845
7/19/2017,BTCUSD,2295.92,2400,2219.54,2260.45
7/18/2017,BTCUSD,2233.46,2399.92,2139.99,2295.92
7/17/2017,BTCUSD,1899.81,2233.46,1899.79,2233.46
7/16/2017,BTCUSD,1965,2042.71,1790,1899.81
7/15/2017,BTCUSD,2219.21,2219.78,1965,1965
7/14/2017,BTCUSD,2340.49,2357.52,2144.24,2219.21
7/13/2017,BTCUSD,2385.9,2418.66,2302.55,2340.49
7/12/2017,BTCUSD,2949.38,2949.38,2324.34,2385.9
7/11/2017,BTCUSD,2949.38,2949.38,2949.38,2949.38
7/10/2017,BTCUSD,2949.38,2949.38,2949.38,2949.38
7/9/2017,BTCUSD,2949.38,2949.38,2949.38,2949.38
7/8/2017,BTCUSD,2949.38,2949.38,2949.38,2949.38
7/7/2017,BTCUSD,2949.38,2949.38,2949.38,2949.38
7/6/2017,BTCUSD,2949.38,2949.38,2949.38,2949.38
7/5/2017,BTCUSD,2949.38,2949.38,2949.38,2949.38
7/4/2017,BTCUSD,2949.38,2949.38,2949.38,2949.38
7/3/2017,BTCUSD,2949.38,2949.38,2949.38,2949.38
7/2/2017,BTCUSD,2949.38,2949.38,2949.38,2949.38
7/1/2017,BTCUSD,2949.38,2949.38,2949.38,2949.38
6/30/2017,BTCUSD,2949.38,2949.38,2949.38,2949.38
6/29/2017,BTCUSD,2949.38,2949.38,2949.38,2949.38
6/28/2017,BTCUSD,2949.38,2949.38,2949.38,2949.38
6/27/2017,BTCUSD,2949.38,2949.38,2949.38,2949.38
6/26/2017,BTCUSD,2949.38,2949.38,2949.38,2949.38
6/25/2017,BTCUSD,2949.38,2949.38,2949.38,2949.38
6/24/2017,BTCUSD,2949.38,2949.38,2949.38,2949.38
6/23/2017,BTCUSD,2949.38,2949.38,2949.38,2949.38
6/22/2017,BTCUSD,2949.38,2949.38,2949.38,2949.38
6/21/2017,BTCUSD,2949.38,2949.38,2949.38,2949.38
6/20/2017,BTCUSD,2949.38,2949.38,2949.38,2949.38
6/19/2017,BTCUSD,2949.38,2949.38,2949.38,2949.38
6/18/2017,BTCUSD,2949.38,2949.38,2949.38,2949.38
6/17/2017,BTCUSD,2949.38,2949.38,2949.38,2949.38
6/16/2017,BTCUSD,2949.38,2949.38,2949.38,2949.38
6/15/2017,BTCUSD,2949.38,2949.38,2949.38,2949.38
6/14/2017,BTCUSD,2949.38,2949.38,2949.38,2949.38
6/13/2017,BTCUSD,2949.38,2949.38,2949.38,2949.38
6/12/2017,BTCUSD,2957.03,2966.1,2941.58,2949.38
6/11/2017,BTCUSD,2900,2960,2854.63,2957.03
6/10/2017,BTCUSD,2806.1,2900,2795,2900
6/9/2017,BTCUSD,2810.87,2860.75,2789.19,2806.1
6/8/2017,BTCUSD,2702.95,2812.59,2620,2810.87
6/7/2017,BTCUSD,2869.49,2878.64,2614.04,2702.95
6/6/2017,BTCUSD,2690,2922.71,2686.52,2869.49
6/5/2017,BTCUSD,2534.13,2690,2530,2690
6/4/2017,BTCUSD,2546.44,2564.33,2479.32,2534.13
6/3/2017,BTCUSD,2474.16,2584.21,2450,2546.44
6/2/2017,BTCUSD,2414.11,2474.16,2381.05,2474.16
6/1/2017,BTCUSD,2305.16,2470.47,2305.16,2414.11
5/31/2017,BTCUSD,2203.58,2332.88,2176.5,2305.16
5/30/2017,BTCUSD,2305,2345,2151.25,2203.58
5/29/2017,BTCUSD,2227.56,2381.07,2145.87,2305
5/28/2017,BTCUSD,2086.56,2325,2086.56,2227.56
5/27/2017,BTCUSD,2263.65,2347,1899.45,2086.56
5/26/2017,BTCUSD,2524.99,2650,2059.84,2263.65
